{
  "formatVersion": 1,
  "database": {
    "version": 3,
    "identityHash": "7dcd83dcc1735b3a3983b04844f41363",
    "entities": [
      {
        "tableName": "logs_database",
        "createSql": "CREATE TABLE IF NOT EXISTS `${TABLE_NAME}` (`timestamp` INTEGER NOT NULL, `packageName` TEXT, `camera_state` INTEGER NOT NULL, `mic_state` INTEGER NOT NULL, `loc_state` INTEGER NOT NULL, PRIMARY KEY(`timestamp`))",
        "fields": [
          {
            "fieldPath": "timestamp",
            "columnName": "timestamp",
            "affinity": "INTEGER",
            "notNull": true
          },
          {
            "fieldPath": "packageName",
            "columnName": "packageName",
            "affinity": "TEXT",
            "notNull": false
          },
          {
            "fieldPath": "camera_state",
            "columnName": "camera_state",
            "affinity": "INTEGER",
            "notNull": true
          },
          {
            "fieldPath": "mic_state",
            "columnName": "mic_state",
            "affinity": "INTEGER",
            "notNull": true
          },
          {
            "fieldPath": "loc_state",
            "columnName": "loc_state",
            "affinity": "INTEGER",
            "notNull": true
          }
        ],
        "primaryKey": {
          "columnNames": [
            "timestamp"
          ],
          "autoGenerate": false
        },
        "indices": [],
        "foreignKeys": []
      }
    ],
    "views": [],
    "setupQueries": [
      "CREATE TABLE IF NOT EXISTS room_master_table (id INTEGER PRIMARY KEY,identity_hash TEXT)",
      "INSERT OR REPLACE INTO room_master_table (id,identity_hash) VALUES(42, '7dcd83dcc1735b3a3983b04844f41363')"
    ]
  }
}